{
  "csv_path": "crypto_xrp/data/xrp_4h_clean.csv",
  "rows": 4373,
  "iterations_completed": 1,
  "no_improve_streak": 1,
  "best_score": 1.3831736782479143,
  "best_metrics": {
    "total_return": 0.1460463325979829,
    "annualized_return": 0.0706523418377123,
    "sharpe": 1.4252430186397467,
    "sortino": 2.505131085135659,
    "max_drawdown": -0.04206934039183241,
    "win_rate": 0.3305084745762712,
    "profit_factor": 1.4336809269070656,
    "expectancy": 61.884039236433466,
    "num_trades": 236,
    "avg_trade_duration": 4.135593220338983,
    "best_trade": 2104.9382905020566,
    "worst_trade": -1275.510169717967
  },
  "best_params": {
    "initial_cash": 100000.0,
    "commission_bps": 5.0,
    "slippage_bps": 5.0,
    "position_size_pct": 0.12,
    "sma_fast": 12,
    "sma_slow": 42,
    "sma_long": 90,
    "sell_rsi": 78.0,
    "atr_window": 14,
    "atr_filter_min_pct": 0.003,
    "atr_filter_max_pct": 0.06,
    "sl_stop": 0.012,
    "tp_stop": 0.05,
    "freq": "4h"
  },
  "last_grok_eval": "optuna proposal | trial=2 value=-0.6118777162934237 trials=3",
  "proposal_metadata": {
    "engine": "optuna",
    "best_trial_number": 2,
    "best_value": -0.6118777162934237,
    "best_params": {
      "sma_fast": 15,
      "sma_slow": 35,
      "sma_long": 166,
      "atr_filter_min_pct": 0.0026856978155423558,
      "atr_filter_max_pct": 0.030450125397465274,
      "sl_stop": 0.01845630267198552,
      "tp_stop": 0.08844943463622364,
      "position_size_pct": 0.20488695189253284,
      "sell_rsi": 69.991844553959
    },
    "trial_count": 3,
    "walk_forward_spec": {
      "train_days": 120,
      "test_days": 30,
      "step_days": 30,
      "bars_per_day": 6,
      "min_test_bars": 100,
      "min_windows_required": 1
    },
    "walk_forward_score_spec": {
      "dd_penalty_weight": 1.0,
      "sharpe_stability_penalty_weight": 0.5,
      "max_drawdown_limit": 0.99,
      "min_trades": 1
    },
    "best_trial_payload": {
      "aggregate_score": -0.6118777162934237,
      "windows_total": 20,
      "windows_valid": 4,
      "windows_rejected": 16,
      "mean_sharpe": 1.16943172653166,
      "sharpe_std": 3.5524992729762244,
      "worst_max_drawdown": 0.005059806336971451,
      "avg_num_trades": 1.5,
      "objective_components": {
        "mean_sharpe": 1.16943172653166,
        "drawdown_penalty": 0.005059806336971451,
        "stability_penalty": 1.7762496364881122
      },
      "candidate_params": {
        "initial_cash": 100000.0,
        "commission_bps": 5.0,
        "slippage_bps": 5.0,
        "position_size_pct": 0.20488695189253284,
        "sma_fast": 15,
        "sma_slow": 35,
        "sma_long": 166,
        "sell_rsi": 69.991844553959,
        "atr_window": 14,
        "atr_filter_min_pct": 0.0026856978155423558,
        "atr_filter_max_pct": 0.030450125397465274,
        "sl_stop": 0.01845630267198552,
        "tp_stop": 0.08844943463622364,
        "freq": "4h"
      }
    }
  },
  "supervisor_config": {
    "max_iterations": 1,
    "patience": 1,
    "min_improvement": 0.0,
    "max_drawdown_limit": 0.99,
    "min_trades": 1,
    "dd_penalty_weight": 1.0,
    "proposal_source": "optuna",
    "optuna_trials_per_iteration": 3,
    "optuna_timeout_seconds": null,
    "optuna_seed": 42,
    "wf_train_days": 120,
    "wf_test_days": 30,
    "wf_step_days": 30,
    "wf_bars_per_day": 6,
    "wf_min_test_bars": 100,
    "wf_min_windows_required": 1,
    "wf_dd_penalty_weight": 1.0,
    "wf_sharpe_stability_penalty_weight": 0.5,
    "wf_gate_max_drawdown_limit": 0.99,
    "wf_gate_min_trades": 1,
    "log_jsonl_path": "crypto_xrp/research_loop/supervisor_runs_optuna_smoke.jsonl",
    "best_json_path": "crypto_xrp/research_loop/best_config_optuna_smoke.json"
  }
}