{
  "csv_path": "crypto_xrp/data/xrp_4h_clean.csv",
  "rows": 4373,
  "iterations_completed": 5,
  "no_improve_streak": 5,
  "best_score": 1.3831736782479271,
  "best_metrics": {
    "total_return": 0.14604633259798314,
    "annualized_return": 0.07065234183771318,
    "sharpe": 1.425243018639758,
    "sortino": 2.5051310851356803,
    "max_drawdown": -0.042069340391830856,
    "win_rate": 0.3305084745762712,
    "profit_factor": 1.433680926907067,
    "expectancy": 61.88403923643361,
    "num_trades": 236,
    "avg_trade_duration": 4.135593220338983,
    "best_trade": 2104.9382905020566,
    "worst_trade": -1275.510169717967
  },
  "best_params": {
    "initial_cash": 100000.0,
    "commission_bps": 5.0,
    "slippage_bps": 5.0,
    "position_size_pct": 0.12,
    "sma_fast": 12,
    "sma_slow": 42,
    "sma_long": 90,
    "sell_rsi": 78.0,
    "atr_window": 14,
    "atr_filter_min_pct": 0.003,
    "atr_filter_max_pct": 0.06,
    "sl_stop": 0.012,
    "tp_stop": 0.05,
    "freq": "4h"
  },
  "last_grok_eval": "optuna proposal | trial=2 value=2.151641958135506 trials=30",
  "proposal_metadata": {
    "engine": "optuna",
    "best_trial_number": 2,
    "best_value": 2.151641958135506,
    "best_params": {
      "sma_fast": 14,
      "sma_slow": 53,
      "sma_long": 85,
      "atr_filter_min_pct": 0.004049216725183051,
      "atr_filter_max_pct": 0.013335725372282326,
      "sl_stop": 0.018655176645408257,
      "tp_stop": 0.0631220542658303,
      "position_size_pct": 0.24801050334666408,
      "sell_rsi": 74.87863370257651
    },
    "trial_count": 30,
    "walk_forward_spec": {
      "train_days": 365,
      "test_days": 90,
      "step_days": 30,
      "bars_per_day": 6,
      "min_test_bars": 200,
      "min_windows_required": 2
    },
    "walk_forward_score_spec": {
      "dd_penalty_weight": 1.0,
      "sharpe_stability_penalty_weight": 0.5,
      "max_drawdown_limit": 0.4,
      "min_trades": 5
    },
    "best_trial_payload": {
      "aggregate_score": 2.151641958135506,
      "windows_total": 10,
      "windows_valid": 6,
      "windows_rejected": 4,
      "mean_sharpe": 2.574029316389593,
      "sharpe_std": 0.8214913146444925,
      "worst_max_drawdown": 0.011641700931840693,
      "avg_num_trades": 6.833333333333333,
      "objective_components": {
        "mean_sharpe": 2.574029316389593,
        "drawdown_penalty": 0.011641700931840693,
        "stability_penalty": 0.41074565732224627
      },
      "candidate_params": {
        "initial_cash": 100000.0,
        "commission_bps": 5.0,
        "slippage_bps": 5.0,
        "position_size_pct": 0.24801050334666408,
        "sma_fast": 14,
        "sma_slow": 53,
        "sma_long": 85,
        "sell_rsi": 74.87863370257651,
        "atr_window": 14,
        "atr_filter_min_pct": 0.004049216725183051,
        "atr_filter_max_pct": 0.013335725372282326,
        "sl_stop": 0.018655176645408257,
        "tp_stop": 0.0631220542658303,
        "freq": "4h"
      }
    }
  },
  "supervisor_config": {
    "max_iterations": 15,
    "patience": 5,
    "min_improvement": 0.005,
    "max_drawdown_limit": 0.4,
    "min_trades": 6,
    "dd_penalty_weight": 1.0,
    "proposal_source": "optuna",
    "optuna_trials_per_iteration": 30,
    "optuna_timeout_seconds": 900,
    "optuna_seed": 42,
    "wf_train_days": 365,
    "wf_test_days": 90,
    "wf_step_days": 30,
    "wf_bars_per_day": 6,
    "wf_min_test_bars": 200,
    "wf_min_windows_required": 2,
    "wf_dd_penalty_weight": 1.0,
    "wf_sharpe_stability_penalty_weight": 0.5,
    "wf_gate_max_drawdown_limit": 0.4,
    "wf_gate_min_trades": 5,
    "log_jsonl_path": "crypto_xrp/research_loop/supervisor_runs_optuna.jsonl",
    "best_json_path": "crypto_xrp/research_loop/best_config_optuna.json"
  }
}